{"train": [0.9099241088747224, 0.6848637922616709, 0.524867596427082, 0.387689465954262, 0.28722843747401616, 0.2070243686526337, 0.19346721435972958, 0.18660395643748356, 0.18524292010465962, 0.17509477027384462, 0.16696605751804583, 0.1639024609963957, 0.16126289233360142, 0.15796060207988588, 0.16124772480929878, 0.15870595487423178, 0.16176368129499613, 0.15861981960202753, 0.15828164305037445, 0.1560851303859852, 0.15894527448279555, 0.15734656871052805, 0.15665290550445596, 0.15573898454414764, 0.15774645208536048, 0.1560585896654736, 0.15929070951927982, 0.15500295179947007, 0.15675256398250323, 0.15301521325426382], "valid": [0.7967090422061514, 0.668976072579822, 0.5887097295814722, 0.33313657519804923, 0.28279294488550744, 0.21607317879230162, 0.19666790975533754, 0.19619212530925037, 0.19143033454822944, 0.18179416295892697, 0.1771649310971407, 0.16867112781649993, 0.17172435693281937, 0.1685678787912261, 0.1675642162494844, 0.1685124281419362, 0.17176981255889207, 0.1666590044370624, 0.17287279685441895, 0.1627865272032531, 0.17116867977784625, 0.16705715712867206, 0.16838722325977956, 0.1667217089671833, 0.17367111350605938, 0.16231805495557194, 0.16323553311984573, 0.1717986681859882, 0.16486365127856395, 0.16276173879429198]}