{"train": [0.5870859622955322, 0.7182731628417969, 0.8029400706291199, 0.8624860644340515, 0.9110532402992249, 0.9505023956298828, 0.9568291902542114, 0.9570152759552002, 0.9557126760482788, 0.9639002680778503, 0.9629698395729065, 0.965202808380127, 0.965947151184082, 0.9681801199913025, 0.9648306369781494, 0.9629698395729065, 0.9644585251808167, 0.9670636653900146, 0.9635280966758728, 0.9674357771873474, 0.9648306369781494, 0.9666914939880371, 0.9674357771873474, 0.9681801199913025, 0.9676218628883362, 0.96855229139328, 0.9668775796890259, 0.970413088798523, 0.9663193225860596, 0.9696687459945679], "valid": [0.6634400486946106, 0.7274758219718933, 0.7282204031944275, 0.9032017588615417, 0.9173492193222046, 0.9545792937278748, 0.9508562684059143, 0.9575576782226562, 0.9545792937278748, 0.9605361223220825, 0.9583023190498352, 0.9650037288665771, 0.9575576782226562, 0.9627699255943298, 0.9597915410995483, 0.9679821133613586, 0.9545792937278748, 0.9687267541885376, 0.9583023190498352, 0.9672375321388245, 0.9650037288665771, 0.963514506816864, 0.9627699255943298, 0.9650037288665771, 0.964259147644043, 0.964259147644043, 0.9687267541885376, 0.9627699255943298, 0.9672375321388245, 0.9679821133613586]}